{
    "data": "[{\"rt\":27342.700000386685,\"stimulus\":\"<img class=fullscreen src=\\\"images/squares/example4.png\\\"><p>Please make sure that your browser <b>downloads toolbar is closed</b>. <br> Please make sure that your browser <b>zoom-in settings are on 100% by pressing ctrl and +/-</b> on your keyboard.<br> Please <b>do not press on \\\"Esc\\\" button</b> during the experiment. <br><br><b> Press \\\"space\\\" button to begin</b></p>\",\"key_press\":32,\"screen_width\":1366,\"screen_height\":768,\"trial_type\":\"html-keyboard-response\",\"trial_index\":0,\"time_elapsed\":27346,\"internal_node_id\":\"0.0-0.0\"}]"
}